,precision,recall,f1-score,support
ADDRESS_UPDATE,0.9702233250620348,0.9702233250620348,0.9702233250620348,403.0
CARD_REPLACEMENT,0.9872773536895675,0.97,0.978562421185372,400.0
PAYMENT_DUE_DATE,0.9660194174757282,0.9731051344743277,0.9695493300852619,409.0
PAYMENT_ISSUE,0.9717948717948718,0.974293059125964,0.9730423620025674,389.0
TRANSACTION_DISPUTE,0.9751243781094527,0.9824561403508771,0.978776529338327,399.0
accuracy,0.974,0.974,0.974,0.974
macro avg,0.9740878692263311,0.9740155318026407,0.9740307935347126,2000.0
weighted avg,0.9740578576086384,0.974,0.974007979252006,2000.0
accuracy_overall,0.974,0.974,0.974,0.974
